File,Verify
Algorithmic Toolbox.pdf,https://coursera.org/verify/8P2ASHSTGXE4
AutoML tools for data science.pdf,https://coursera.org/verify/PJDNQL5VB5TK
Build Random Forests in R with Azure ML Studio.pdf,https://coursera.org/verify/T2KYMD76P2QM
Creating Dashboards and Storytelling with Tableau.pdf,https://coursera.org/verify/2DB8DHGXAAMS
Data Structures and Performance.pdf,https://coursera.org/verify/FYHST5T4QSCX
Data Visualization with R.pdf,https://coursera.org/verify/WJLKXAXHVY3B
Data Visualization with Tableau Project.pdf,https://coursera.org/verify/A5K55UTPTCH7
Data Visualization with.pdf,https://coursera.org/verify/specialization
Decision Tree and Random Forest Classification.pdf,https://coursera.org/verify/BHN2C6QWZWX4
Deep Learning and Reinforcement Learning.pdf,https://coursera.org/verify/XSMUTDE8CTJJ
Essential Design Principles for Tableau.pdf,https://coursera.org/verify/GL52JYT6NHBG
Exploratory Data Analysis for Machine Learning.pdf,https://coursera.org/verify/QVK5RNW38L55
Foundations of Project Management.pdf,https://coursera.org/verify/7KBHE4UKWE9Y
Front End Web UI Frameworks and Tools.pdf,https://coursera.org/verify/FC5ZP28K3SPK
Fundamentals of Visualization with Tableau.pdf,https://coursera.org/verify/EQF56L394VZA
"HTML, CSS, and Javascript for Web Developers.pdf",https://coursera.org/verify/NLJQUTVJCLT6
IBM Introduction to Machine Learning.pdf,https://coursera.org/verify/specialization
Intro to AR VR MR XR Technologies Applications.pdf,https://coursera.org/verify/GF7F6BTNVCMS
Introduction to Augmented Reality and ARCore.pdf,https://coursera.org/verify/J3MDQSZPDMV8
Introduction to Computer Vision and Image Processing.pdf,https://coursera.org/verify/634V38XQKKSM
Introduction to Java as a Second Language.pdf,https://coursera.org/verify/9TJEK6PGA3PT
Java as a Second.pdf,https://coursera.org/verify/specialization
Mobile Development and JavaScript.pdf,https://coursera.org/verify/LYG3KZH5HKV5
Natural Language Processing with Classification and Vector Spaces.pdf,https://coursera.org/verify/LGXMMKX3V4PC
Single Page Web Applications with AngularJS.pdf,https://coursera.org/verify/BY25ADYVGG2W
Supervised Machine Learning Classification.pdf,https://coursera.org/verify/ZMZ2MBB4CQ3M
Supervised Machine Learning Regression.pdf,https://coursera.org/verify/TGVEJHKMQYQ4
"SVM Regression, prediction and losses.pdf",https://coursera.org/verify/LJXRRSHG979K
The Java Language.pdf,https://coursera.org/verify/L7HCSNYCZ3MC
Unsupervised Machine Learning.pdf,https://coursera.org/verify/2LMJ365G6NVZ
Visual Analytics with Tableau.pdf,https://coursera.org/verify/M5RWHY9HKZD3
Writing Java Application Code.pdf,https://coursera.org/verify/NWYXE9CEZ5JB
